machine_type,maintenance_interval,operating_mode,environment,vibration_level_mm_s,temperature_F,pressure_PSI,load_factor,days_to_failure
Pump,80,Overload,Dusty,3.7,72.3,67,0.47,8.7
Motor,112,Idle,Outdoor,0.7,86.1,135,0.1,108.3
Pump,167,Idle,Indoor,0.7,64.6,108,0.21,104.5
Compressor,167,Overload,Dusty,3.2,99.2,97,0.79,20.7
Pump,119,Overload,Outdoor,2.8,90.4,84,0.18,6.3
Compressor,94,Overload,Outdoor,3.5,69.6,74,0.7,17.2
Motor,152,Production,Dusty,2.0,92.1,95,0.42,51.9
Motor,146,Production,Indoor,2.2,98.1,127,0.7,43.1
Pump,100,Overload,Indoor,3.7,90.1,65,0.89,12.1
Compressor,174,Idle,Indoor,0.4,85.6,123,0.58,80.2
Compressor,132,Production,Outdoor,1.9,54.8,89,0.64,34.6
Compressor,94,Idle,Indoor,0.8,69.1,137,0.78,105.5
Compressor,86,Idle,Indoor,0.7,85.5,68,0.45,110.8
Pump,155,Overload,Outdoor,2.5,57.0,108,0.53,17.7
Compressor,174,Idle,Outdoor,0.5,94.0,109,0.34,83.1
Motor,121,Idle,Dusty,0.9,66.2,69,0.39,112.1
Motor,175,Production,Indoor,1.6,93.0,60,0.51,39.1
Motor,103,Idle,Dusty,0.6,58.4,77,0.55,107.7
Motor,98,Idle,Outdoor,0.3,85.6,71,0.9,90.2
Motor,146,Overload,Indoor,3.4,67.3,110,0.64,15.1
Compressor,127,Idle,Dusty,0.6,88.1,79,0.68,119.4
Compressor,171,Idle,Indoor,0.7,57.5,100,0.66,105.3
Compressor,149,Overload,Dusty,3.4,90.5,87,0.18,18.6
Motor,163,Idle,Indoor,0.8,83.8,118,0.27,95.5
Motor,171,Overload,Indoor,3.8,75.8,80,0.9,10.2
Compressor,178,Production,Indoor,2.4,63.9,116,0.78,66.0
Compressor,172,Production,Outdoor,2.3,83.4,106,0.4,55.7
Motor,141,Idle,Outdoor,0.8,84.6,112,0.28,80.2
Compressor,126,Idle,Indoor,0.3,65.4,103,0.51,99.8
Motor,161,Production,Indoor,1.8,74.3,132,0.45,39.8
Pump,128,Idle,Indoor,0.7,75.0,105,0.71,103.1
Motor,176,Idle,Outdoor,1.0,68.5,61,0.84,98.8
Pump,175,Idle,Dusty,0.7,65.3,75,0.31,102.9
Compressor,113,Overload,Outdoor,2.8,96.5,65,0.27,16.1
Compressor,165,Overload,Outdoor,4.0,66.1,127,0.21,7.8
Compressor,85,Production,Dusty,1.9,62.8,108,0.17,41.7
Pump,67,Overload,Outdoor,3.3,89.8,131,0.37,21.0
Motor,110,Production,Indoor,1.6,57.8,138,0.77,53.1
Motor,74,Production,Outdoor,1.5,76.9,86,0.76,31.5
Motor,106,Idle,Dusty,0.6,81.9,118,0.88,113.7
Compressor,78,Production,Outdoor,1.8,53.9,62,0.87,61.8
Pump,117,Overload,Outdoor,3.1,57.8,80,0.54,18.8
Pump,162,Idle,Dusty,0.8,71.8,118,0.14,91.2
Pump,88,Production,Outdoor,1.9,54.6,67,0.35,60.3
Motor,149,Production,Indoor,2.2,73.7,73,0.45,49.0
Motor,111,Overload,Dusty,2.6,50.8,134,0.5,24.0
Compressor,61,Idle,Indoor,0.8,93.4,110,0.74,104.6
Pump,110,Production,Dusty,2.1,97.1,90,0.87,35.1
Compressor,105,Production,Outdoor,1.7,51.9,109,0.37,41.0
Motor,93,Production,Dusty,1.8,64.1,69,0.66,63.8
Pump,80,Idle,Indoor,1.0,64.1,74,0.7,81.6
Motor,172,Overload,Dusty,4.0,79.0,129,0.55,13.3
Compressor,164,Idle,Outdoor,0.8,95.1,100,0.76,109.6
Pump,164,Production,Dusty,1.8,54.6,85,0.86,34.0
Pump,158,Overload,Indoor,3.2,77.7,77,0.86,6.7
Motor,98,Idle,Outdoor,0.4,77.5,95,0.81,117.2
Pump,133,Overload,Outdoor,3.6,80.9,68,0.17,24.4
Compressor,125,Idle,Indoor,0.5,75.7,78,0.57,95.9
Compressor,130,Idle,Indoor,0.6,79.6,88,0.67,112.5
Compressor,133,Overload,Outdoor,3.7,66.5,94,0.3,16.2
Pump,164,Production,Dusty,2.0,87.3,106,0.87,32.3
Pump,97,Overload,Indoor,3.2,98.2,60,0.88,6.7
Pump,134,Idle,Indoor,0.5,62.6,115,0.16,81.7
Compressor,60,Overload,Indoor,3.4,84.8,90,0.69,18.9
Motor,135,Overload,Indoor,2.9,63.9,75,0.47,24.0
Pump,100,Production,Dusty,1.7,84.9,102,0.35,40.6
Motor,94,Idle,Indoor,0.8,97.0,93,0.56,86.5
Motor,168,Idle,Indoor,0.6,51.3,90,0.75,117.3
Compressor,148,Overload,Outdoor,2.7,91.5,105,0.15,16.9
Compressor,65,Idle,Indoor,0.6,76.7,119,0.83,90.9
Motor,142,Overload,Indoor,3.7,62.1,76,0.3,23.9
Pump,163,Idle,Outdoor,0.7,67.9,69,0.64,89.1
Motor,71,Production,Indoor,2.0,77.6,104,0.8,63.3
Compressor,138,Idle,Indoor,0.7,81.0,116,0.27,99.2
Motor,157,Production,Outdoor,2.1,69.6,94,0.82,69.2
Motor,178,Idle,Outdoor,0.7,93.1,135,0.22,111.3
Pump,93,Idle,Outdoor,0.6,74.6,86,0.61,90.3
Compressor,139,Overload,Dusty,2.6,70.0,115,0.24,7.6
Pump,91,Idle,Outdoor,0.9,80.1,77,0.76,99.0
Pump,129,Production,Indoor,1.8,76.7,88,0.82,37.1
Pump,85,Idle,Indoor,0.7,74.1,115,0.51,107.6
Motor,95,Overload,Indoor,3.9,54.2,107,0.89,6.2
Motor,87,Overload,Dusty,3.1,76.6,117,0.15,14.7
Compressor,82,Overload,Outdoor,2.9,87.5,62,0.79,19.3
Pump,178,Production,Indoor,2.0,59.1,105,0.77,39.7
Pump,72,Production,Indoor,1.8,84.0,123,0.5,34.8
Compressor,67,Overload,Indoor,3.4,78.2,90,0.37,19.7
Compressor,168,Production,Outdoor,2.1,80.3,78,0.18,39.8
Motor,134,Production,Outdoor,1.9,64.3,73,0.82,49.5
Pump,95,Overload,Dusty,2.6,94.8,106,0.83,5.4
Motor,110,Overload,Outdoor,3.7,96.5,104,0.56,10.2
Motor,177,Overload,Dusty,3.8,60.0,118,0.52,9.1
Pump,70,Idle,Dusty,0.7,74.1,102,0.14,91.5
Motor,103,Production,Outdoor,2.0,66.1,124,0.3,51.9
Compressor,83,Idle,Outdoor,0.3,70.6,87,0.84,84.7
Pump,179,Production,Dusty,2.2,96.9,74,0.15,46.3
Compressor,164,Production,Indoor,1.5,60.1,73,0.23,61.3
Motor,63,Idle,Indoor,0.5,93.9,91,0.75,105.4
Pump,97,Overload,Indoor,3.6,87.4,100,0.29,23.0
Pump,163,Idle,Dusty,0.6,77.1,94,0.37,101.3
Compressor,170,Overload,Indoor,3.0,74.8,119,0.56,7.8
Pump,86,Idle,Dusty,0.4,57.2,76,0.67,92.5
Motor,72,Idle,Dusty,0.9,68.9,96,0.58,93.7
Compressor,127,Overload,Indoor,3.7,86.0,111,0.66,8.0
Compressor,133,Production,Outdoor,1.8,61.4,93,0.33,43.8
Motor,141,Overload,Indoor,2.7,62.8,118,0.57,16.7
Motor,172,Idle,Dusty,0.9,80.3,93,0.69,108.3
Motor,160,Idle,Indoor,0.9,58.3,74,0.77,98.0
Compressor,80,Idle,Dusty,0.9,52.7,86,0.74,100.8
Pump,149,Idle,Dusty,0.7,96.1,97,0.48,84.6
Compressor,110,Overload,Outdoor,3.2,58.8,99,0.44,9.5
Motor,85,Idle,Outdoor,0.6,83.2,74,0.87,103.2
Compressor,120,Idle,Indoor,0.7,65.0,84,0.42,114.4
Motor,88,Overload,Indoor,2.8,51.8,97,0.55,23.0
Motor,125,Production,Outdoor,1.8,72.0,92,0.55,58.6
Compressor,162,Overload,Dusty,2.7,68.7,81,0.62,11.7
Motor,66,Idle,Indoor,0.3,70.4,104,0.3,86.2
Motor,170,Overload,Indoor,3.5,58.9,112,0.29,5.4
Motor,166,Production,Indoor,2.3,57.1,92,0.36,69.5
Compressor,144,Production,Dusty,1.5,56.1,130,0.61,33.4
Compressor,165,Production,Dusty,2.4,69.0,107,0.31,62.7
Pump,157,Idle,Indoor,0.5,64.7,135,0.71,111.0
Motor,146,Idle,Indoor,0.9,74.2,100,0.69,99.5
Motor,81,Production,Dusty,2.1,71.1,70,0.82,40.3
Motor,144,Production,Outdoor,1.8,78.8,81,0.54,30.7
Pump,165,Idle,Outdoor,0.6,56.8,132,0.8,108.8
Compressor,69,Production,Indoor,2.1,91.9,92,0.72,56.6
Compressor,124,Production,Dusty,1.5,54.5,121,0.15,36.7
Pump,118,Overload,Dusty,2.9,80.5,135,0.42,12.1
Motor,95,Production,Dusty,1.6,63.1,107,0.14,49.4
Pump,85,Production,Outdoor,2.5,55.3,66,0.68,36.2
Pump,98,Idle,Dusty,0.8,91.0,123,0.66,103.9
Pump,103,Production,Dusty,1.5,95.9,70,0.86,34.1
Compressor,67,Overload,Dusty,3.3,90.3,112,0.65,6.7
Compressor,118,Production,Outdoor,2.5,52.6,113,0.14,66.1
Motor,66,Overload,Outdoor,4.0,56.0,118,0.25,16.1
Compressor,153,Production,Dusty,1.9,72.8,101,0.62,61.8
Pump,157,Production,Dusty,2.1,84.8,87,0.68,39.2
Pump,145,Overload,Indoor,3.0,86.9,101,0.44,15.8
Motor,89,Production,Dusty,1.9,93.7,102,0.85,48.5
Pump,121,Overload,Indoor,2.6,70.1,98,0.6,5.2
Compressor,162,Overload,Indoor,3.1,86.6,60,0.47,6.8
Pump,84,Production,Indoor,2.4,95.5,63,0.19,58.6
Motor,96,Idle,Indoor,0.8,62.9,107,0.89,88.7
Pump,157,Overload,Indoor,3.9,87.2,65,0.42,14.3
Pump,169,Idle,Outdoor,0.8,52.3,90,0.13,104.3
Pump,113,Production,Dusty,2.3,60.8,101,0.58,44.0
Motor,141,Idle,Outdoor,0.4,99.8,131,0.47,95.8
Pump,127,Idle,Outdoor,0.5,93.0,96,0.41,101.5
Pump,157,Overload,Outdoor,2.7,90.5,112,0.54,22.8
Motor,131,Overload,Dusty,2.9,86.2,99,0.16,10.1
Motor,99,Idle,Indoor,0.9,74.0,107,0.76,119.7
Pump,65,Production,Dusty,2.0,93.4,79,0.23,64.6
Pump,101,Idle,Dusty,0.5,84.9,75,0.81,89.5
Compressor,101,Idle,Outdoor,0.9,91.0,78,0.83,81.2
Pump,71,Production,Dusty,2.3,59.7,66,0.36,63.3
Pump,94,Idle,Outdoor,0.7,64.2,61,0.45,90.4
Motor,96,Production,Indoor,1.8,89.4,73,0.72,55.3
Pump,69,Overload,Outdoor,2.7,67.3,109,0.14,20.4
Compressor,158,Production,Indoor,2.5,69.2,65,0.76,57.0
Motor,146,Overload,Outdoor,3.2,57.9,97,0.86,20.4
Compressor,88,Overload,Indoor,3.2,64.9,127,0.72,8.3
Motor,167,Production,Indoor,1.6,97.2,93,0.61,64.7
Compressor,60,Production,Outdoor,2.3,94.7,78,0.27,47.7
Compressor,167,Idle,Dusty,0.8,98.4,74,0.79,94.7
Motor,175,Idle,Dusty,0.4,81.3,70,0.13,98.1
Pump,153,Production,Outdoor,2.1,79.9,108,0.3,61.9
Compressor,145,Idle,Outdoor,0.4,66.3,107,0.45,99.7
Motor,123,Idle,Outdoor,0.4,74.0,108,0.33,98.6
Pump,67,Idle,Dusty,0.8,74.0,68,0.29,118.1
Motor,145,Idle,Indoor,0.7,78.0,60,0.36,80.7
Motor,92,Production,Indoor,2.0,53.9,91,0.21,65.3
Compressor,157,Overload,Outdoor,2.8,58.4,68,0.61,18.9
Pump,162,Overload,Dusty,3.8,77.1,116,0.8,16.9
Compressor,66,Production,Dusty,2.1,94.7,103,0.75,61.3
Motor,73,Production,Dusty,2.0,86.2,107,0.62,31.6
Compressor,169,Idle,Indoor,0.9,59.1,123,0.63,88.8
Compressor,81,Overload,Indoor,2.7,99.8,137,0.62,5.4
Motor,122,Production,Dusty,1.9,62.9,97,0.79,38.8
Pump,63,Overload,Outdoor,3.1,99.4,63,0.79,21.9
Motor,138,Idle,Outdoor,0.6,89.6,112,0.89,109.0
Pump,77,Production,Indoor,2.4,86.7,70,0.67,38.4
Motor,61,Production,Dusty,1.7,70.7,65,0.45,39.5
Compressor,148,Production,Outdoor,2.4,54.8,112,0.35,47.8
Pump,99,Production,Indoor,2.4,61.9,78,0.81,30.4
Motor,135,Production,Outdoor,1.7,57.3,95,0.57,50.8
Pump,166,Idle,Indoor,0.5,67.8,102,0.73,94.4
Pump,79,Overload,Outdoor,3.8,99.3,69,0.28,9.1
Motor,160,Production,Indoor,1.5,54.4,68,0.57,34.9
Compressor,102,Production,Outdoor,1.9,97.6,111,0.79,49.2
Compressor,103,Overload,Outdoor,2.9,57.0,62,0.35,15.4
Motor,144,Production,Indoor,1.7,86.5,72,0.29,56.9
Compressor,178,Overload,Outdoor,2.8,68.7,61,0.3,18.9
Compressor,131,Production,Indoor,2.4,84.5,114,0.27,52.8
Motor,121,Production,Outdoor,1.9,100.0,63,0.88,56.0
Pump,136,Idle,Dusty,1.0,86.9,130,0.42,110.1
Motor,141,Production,Indoor,2.4,89.9,94,0.75,47.5
Compressor,124,Production,Outdoor,2.0,69.8,115,0.41,30.2
Compressor,103,Idle,Outdoor,0.7,53.7,108,0.63,101.8
Pump,85,Production,Outdoor,2.3,74.0,62,0.37,50.0
Compressor,102,Idle,Dusty,0.6,90.6,117,0.86,103.2
Compressor,176,Idle,Dusty,0.9,62.2,134,0.15,97.2
Motor,127,Idle,Indoor,0.6,64.2,84,0.74,87.8
Motor,77,Overload,Outdoor,3.4,63.6,93,0.2,6.8
Compressor,72,Overload,Dusty,2.7,85.5,68,0.55,22.2
Motor,66,Production,Outdoor,2.4,77.5,63,0.61,47.0
Pump,145,Overload,Indoor,2.5,89.7,111,0.24,17.8
Pump,85,Idle,Dusty,0.9,89.0,81,0.76,116.0
Motor,156,Overload,Dusty,3.5,79.3,73,0.69,6.9
Motor,107,Production,Indoor,2.0,82.1,108,0.54,51.4
Pump,84,Production,Outdoor,1.8,63.7,107,0.64,55.3
Pump,134,Production,Dusty,1.9,67.1,125,0.58,58.7
Motor,95,Production,Indoor,2.1,94.7,75,0.36,41.0
Pump,108,Overload,Outdoor,3.0,83.5,65,0.61,17.3
Pump,117,Production,Dusty,2.1,59.5,64,0.4,57.2
Motor,175,Production,Outdoor,2.1,78.1,136,0.24,59.2
Motor,121,Overload,Outdoor,3.6,72.5,120,0.38,8.4
Compressor,163,Overload,Outdoor,3.9,99.6,134,0.53,9.7
Motor,141,Idle,Dusty,0.8,93.2,108,0.51,83.7
Compressor,173,Production,Indoor,1.6,68.0,67,0.85,34.7
Motor,82,Idle,Outdoor,0.7,80.0,101,0.84,113.0
Motor,71,Overload,Dusty,3.4,69.9,103,0.6,16.3
Motor,126,Production,Dusty,2.4,65.2,66,0.42,64.7
Motor,79,Production,Outdoor,1.7,82.0,125,0.21,38.9
Pump,169,Production,Outdoor,1.8,91.5,85,0.86,54.3
Pump,157,Production,Indoor,1.6,61.6,66,0.72,44.7
Pump,119,Idle,Dusty,1.0,82.0,77,0.6,115.0
Compressor,93,Overload,Outdoor,2.7,60.6,98,0.7,6.2
Compressor,68,Overload,Dusty,3.5,53.7,122,0.31,24.7
Compressor,99,Overload,Indoor,3.5,61.6,77,0.24,6.2
Compressor,121,Production,Indoor,1.9,67.7,102,0.49,35.2
Motor,114,Overload,Outdoor,3.6,56.7,93,0.73,20.4
Compressor,64,Idle,Indoor,0.8,66.2,126,0.6,85.5
Pump,158,Idle,Indoor,0.9,77.4,96,0.78,118.4
Motor,111,Overload,Outdoor,2.7,73.8,90,0.42,7.5
Pump,164,Production,Indoor,1.9,82.9,135,0.75,68.2
Pump,87,Idle,Dusty,0.5,74.8,90,0.46,117.2
Pump,142,Idle,Indoor,0.7,86.9,100,0.64,82.7
Pump,168,Idle,Dusty,0.3,53.6,60,0.87,109.8
Compressor,111,Idle,Dusty,0.6,97.1,122,0.38,98.5
Motor,97,Production,Dusty,1.6,54.1,137,0.34,56.4
Compressor,108,Idle,Outdoor,1.0,63.0,65,0.87,106.7
Pump,95,Overload,Dusty,2.6,99.0,108,0.57,24.4
Motor,70,Overload,Outdoor,3.3,66.9,134,0.28,17.3
Motor,148,Idle,Outdoor,0.6,97.2,79,0.2,102.0
Compressor,91,Overload,Outdoor,3.8,93.1,127,0.84,17.9
Motor,67,Production,Outdoor,2.1,86.4,122,0.62,38.8
Pump,81,Overload,Indoor,3.0,86.4,68,0.65,20.1
Compressor,147,Overload,Indoor,3.9,70.7,120,0.69,14.8
Pump,89,Overload,Dusty,2.9,78.9,130,0.45,16.3
Pump,62,Production,Indoor,2.1,63.9,75,0.8,62.5
Motor,162,Production,Dusty,1.7,59.4,88,0.73,52.2
Pump,137,Production,Outdoor,2.3,87.5,120,0.64,63.6
Compressor,160,Overload,Outdoor,3.8,68.4,95,0.68,14.4
Pump,113,Production,Dusty,2.1,50.2,109,0.38,45.7
Compressor,63,Idle,Indoor,0.6,82.1,65,0.56,96.1
Motor,89,Overload,Outdoor,3.6,80.1,61,0.36,6.1
Pump,135,Overload,Outdoor,2.6,99.1,76,0.76,6.2
Compressor,172,Overload,Dusty,3.2,61.8,89,0.15,7.9
Motor,104,Overload,Indoor,3.6,71.1,110,0.73,19.7
Compressor,162,Overload,Indoor,3.5,97.5,76,0.55,24.8
Pump,153,Production,Outdoor,1.8,79.3,115,0.84,31.0
Motor,85,Overload,Dusty,3.9,68.8,96,0.48,10.2
Motor,149,Idle,Outdoor,0.6,86.4,99,0.45,99.3
Motor,119,Idle,Indoor,0.3,87.6,112,0.87,82.3
Motor,151,Production,Dusty,1.8,62.3,132,0.3,31.8
Motor,103,Production,Indoor,1.9,74.4,62,0.15,63.8
Motor,92,Production,Dusty,2.1,67.4,131,0.12,43.8
Compressor,80,Overload,Outdoor,3.9,91.4,123,0.6,16.2
Compressor,146,Idle,Outdoor,1.0,59.6,87,0.35,90.3
Pump,92,Idle,Outdoor,0.7,86.0,93,0.17,94.0
Pump,120,Production,Outdoor,2.1,70.2,103,0.73,50.9
Motor,157,Idle,Indoor,0.7,71.4,71,0.63,83.3
Compressor,98,Idle,Outdoor,0.8,64.5,122,0.19,98.5
Compressor,108,Overload,Dusty,3.2,93.6,103,0.71,6.0
Compressor,145,Production,Outdoor,1.5,61.9,96,0.89,35.1
Motor,62,Production,Indoor,2.1,69.5,123,0.4,52.1
Compressor,128,Overload,Dusty,3.7,59.8,74,0.18,12.6
Compressor,68,Idle,Dusty,0.7,59.8,131,0.52,105.4
Compressor,168,Production,Dusty,2.3,94.9,73,0.51,42.7
Compressor,160,Idle,Outdoor,0.3,80.8,66,0.81,94.5
Compressor,168,Overload,Dusty,3.3,56.1,118,0.36,24.3
Compressor,128,Production,Indoor,2.5,54.7,62,0.76,56.2
Pump,151,Production,Indoor,1.6,64.8,133,0.19,59.3
Pump,144,Idle,Outdoor,0.6,91.0,130,0.52,112.9
Pump,144,Idle,Dusty,0.4,57.1,87,0.46,83.5
Motor,76,Production,Indoor,2.1,90.3,127,0.3,47.4
Motor,158,Idle,Dusty,0.4,58.7,128,0.28,107.0
Motor,84,Overload,Dusty,2.9,65.3,77,0.13,17.9
Pump,98,Idle,Indoor,0.6,89.4,113,0.31,110.4
Compressor,150,Idle,Outdoor,0.9,72.4,96,0.79,80.0
Motor,143,Production,Indoor,1.9,52.1,119,0.83,69.1
Motor,110,Overload,Dusty,2.7,87.7,124,0.11,19.2
Compressor,78,Overload,Dusty,3.4,72.5,77,0.2,16.2
Pump,73,Idle,Dusty,0.5,53.7,78,0.68,80.5
Motor,164,Idle,Indoor,0.3,79.7,131,0.25,116.1
Motor,71,Overload,Dusty,3.3,63.4,123,0.56,21.8
Compressor,103,Idle,Indoor,0.3,86.9,102,0.13,113.3
Pump,67,Overload,Indoor,3.7,84.7,66,0.83,22.6
Motor,111,Production,Indoor,2.3,58.5,135,0.46,54.1
Compressor,151,Idle,Outdoor,0.8,89.3,137,0.31,89.5
Compressor,97,Production,Outdoor,2.0,94.6,60,0.13,69.4
Motor,124,Production,Indoor,1.5,66.6,98,0.26,35.6
Pump,72,Overload,Indoor,3.2,50.3,60,0.28,14.5
Compressor,144,Overload,Indoor,3.8,78.6,101,0.33,10.7
Pump,100,Production,Indoor,1.8,55.7,87,0.51,62.7
Motor,78,Idle,Dusty,0.3,56.6,81,0.42,107.0
Pump,168,Overload,Indoor,3.1,65.5,125,0.86,23.2
Motor,146,Production,Outdoor,2.2,62.9,64,0.58,64.5
Pump,95,Production,Outdoor,1.8,54.6,107,0.54,56.6
Compressor,100,Idle,Dusty,0.3,70.6,111,0.62,83.2
Motor,110,Overload,Outdoor,3.4,55.8,72,0.24,5.2
Motor,62,Production,Outdoor,1.6,57.1,60,0.44,66.1
Compressor,149,Overload,Indoor,3.2,56.2,104,0.37,6.7
Pump,113,Overload,Dusty,3.7,71.5,113,0.32,6.3
Motor,91,Idle,Dusty,0.9,72.5,106,0.71,103.6
Motor,116,Overload,Outdoor,3.0,85.3,115,0.4,16.6
Pump,124,Idle,Dusty,0.8,57.7,62,0.62,81.8
Motor,70,Overload,Indoor,3.0,55.1,127,0.52,6.4
Pump,109,Production,Indoor,2.0,61.4,138,0.53,57.5
Motor,166,Idle,Dusty,0.6,58.0,61,0.7,81.6
Motor,96,Overload,Outdoor,3.2,68.7,97,0.46,7.6
Pump,118,Production,Dusty,2.3,57.6,62,0.88,69.4
Pump,72,Production,Outdoor,2.0,58.4,79,0.77,36.2
Compressor,172,Overload,Indoor,3.0,67.1,81,0.87,10.2
Compressor,83,Overload,Indoor,3.3,72.2,110,0.49,8.3
Motor,163,Overload,Outdoor,3.7,78.5,109,0.26,19.7
Pump,95,Idle,Outdoor,0.4,61.4,137,0.83,114.1
Motor,80,Overload,Outdoor,3.0,89.5,69,0.74,14.2
Pump,174,Idle,Dusty,0.9,75.6,67,0.7,117.8
Motor,134,Production,Indoor,2.1,78.1,95,0.58,45.0
Pump,137,Idle,Dusty,0.6,70.4,126,0.71,109.0
Pump,131,Overload,Indoor,3.9,72.0,127,0.81,9.0
Pump,72,Overload,Dusty,3.0,81.3,134,0.12,10.1
Motor,69,Production,Outdoor,2.2,81.6,111,0.76,58.9
Pump,153,Idle,Dusty,0.5,99.5,76,0.9,88.4
Pump,96,Overload,Indoor,2.5,53.5,60,0.85,5.9
Motor,122,Idle,Dusty,0.8,74.4,66,0.43,113.8
Compressor,73,Production,Indoor,1.5,97.4,65,0.86,42.2
Pump,178,Overload,Outdoor,3.8,89.7,116,0.14,18.6
Compressor,93,Production,Dusty,2.2,70.1,83,0.22,56.7
Pump,98,Overload,Indoor,3.9,77.4,77,0.13,11.4
Motor,90,Overload,Indoor,3.0,86.0,129,0.46,18.0
Motor,109,Production,Outdoor,1.6,91.1,124,0.54,57.3
Motor,71,Overload,Dusty,2.7,57.9,130,0.76,23.3
Compressor,116,Overload,Dusty,2.6,59.5,122,0.67,20.0
Motor,67,Production,Indoor,2.2,67.0,135,0.17,32.5
Pump,86,Overload,Outdoor,3.7,65.7,123,0.81,7.6
Compressor,96,Idle,Indoor,0.6,84.4,99,0.41,95.1
Compressor,82,Overload,Indoor,3.8,85.7,113,0.87,18.5
Motor,132,Overload,Indoor,3.9,73.8,110,0.9,19.1
Pump,158,Idle,Dusty,0.6,55.5,110,0.72,118.3
Motor,160,Idle,Indoor,0.3,70.8,117,0.4,110.7
Pump,159,Production,Indoor,2.0,87.7,62,0.42,65.2
Motor,167,Overload,Indoor,2.7,84.1,97,0.56,19.7
Pump,108,Idle,Outdoor,0.5,89.1,103,0.18,94.7
Motor,145,Production,Indoor,1.5,56.2,93,0.49,45.2
Pump,102,Overload,Indoor,3.0,98.2,101,0.64,23.1
Motor,135,Overload,Dusty,3.7,78.8,66,0.41,20.5
Pump,84,Idle,Indoor,0.4,87.0,77,0.61,90.6
Compressor,110,Overload,Indoor,3.5,77.3,126,0.58,16.0
Compressor,88,Idle,Indoor,0.6,96.9,108,0.48,92.1
Pump,178,Overload,Indoor,3.5,76.5,112,0.62,16.6
Compressor,165,Production,Indoor,1.9,81.1,122,0.56,39.0
Compressor,154,Overload,Dusty,4.0,63.0,87,0.83,15.5
Pump,105,Production,Outdoor,2.0,84.5,134,0.5,65.6
Motor,97,Idle,Dusty,0.6,88.1,88,0.86,85.4
Motor,121,Production,Outdoor,1.6,77.3,74,0.47,41.0
Pump,166,Overload,Indoor,2.7,56.8,139,0.52,13.9
Compressor,107,Overload,Dusty,2.9,99.1,105,0.31,24.2
Motor,177,Idle,Outdoor,0.9,99.1,75,0.73,87.0
Compressor,176,Overload,Outdoor,3.0,98.4,91,0.78,19.0
Pump,102,Production,Dusty,2.2,89.1,136,0.71,39.9
Motor,95,Idle,Indoor,0.6,68.8,104,0.74,80.5
Motor,114,Idle,Dusty,0.5,62.7,79,0.42,92.9
Motor,179,Idle,Dusty,0.3,96.0,139,0.14,116.1
Pump,153,Idle,Dusty,0.6,52.9,95,0.32,105.4
Pump,150,Idle,Outdoor,0.9,82.8,79,0.25,90.0
Compressor,134,Idle,Indoor,1.0,51.9,62,0.24,81.1
Pump,70,Production,Dusty,2.2,71.4,86,0.77,39.0
Compressor,85,Idle,Indoor,0.5,71.0,122,0.48,115.8
Pump,171,Overload,Dusty,3.3,79.7,62,0.61,9.1
Pump,60,Overload,Dusty,2.6,54.8,126,0.14,23.8
Compressor,93,Production,Indoor,2.3,73.2,63,0.33,44.1
Motor,100,Idle,Indoor,0.3,79.5,64,0.39,85.1
Motor,144,Idle,Indoor,1.0,71.9,130,0.14,89.0
Pump,128,Production,Indoor,2.2,71.1,84,0.36,55.6
Pump,171,Idle,Dusty,0.5,100.0,92,0.28,90.9
Pump,75,Production,Dusty,1.9,70.7,120,0.12,53.6
Compressor,155,Production,Outdoor,2.3,74.1,88,0.86,53.4
Motor,172,Overload,Indoor,3.6,85.4,73,0.88,20.2
Compressor,129,Overload,Indoor,3.7,56.1,70,0.78,18.9
Pump,132,Idle,Indoor,0.5,60.7,113,0.23,112.3
Compressor,168,Idle,Dusty,0.8,77.5,84,0.49,109.1
Compressor,163,Production,Outdoor,1.5,85.2,137,0.45,61.3
Pump,108,Overload,Dusty,3.3,71.5,84,0.49,19.1
Compressor,135,Idle,Dusty,1.0,94.0,124,0.64,108.6
Pump,160,Overload,Dusty,3.0,65.6,134,0.78,21.3
Pump,172,Overload,Outdoor,3.9,69.5,75,0.43,5.2
Motor,128,Production,Outdoor,1.8,62.4,88,0.17,59.3
Motor,153,Idle,Dusty,0.8,69.1,138,0.73,93.3
Compressor,113,Overload,Indoor,3.4,55.1,82,0.32,9.0
Motor,88,Production,Outdoor,2.4,59.0,137,0.19,30.5
Pump,108,Production,Dusty,2.1,76.0,65,0.58,37.6
Motor,97,Production,Outdoor,2.0,57.2,107,0.24,40.7
Motor,79,Overload,Dusty,3.9,81.2,111,0.31,10.9
Compressor,69,Production,Indoor,2.2,85.3,108,0.35,44.9
Pump,142,Overload,Outdoor,3.4,72.5,108,0.27,22.3
Motor,159,Overload,Outdoor,3.8,68.7,64,0.6,9.1
Compressor,60,Idle,Outdoor,0.7,70.0,127,0.25,90.1
Motor,86,Production,Outdoor,2.5,66.4,131,0.17,34.1
Pump,132,Idle,Dusty,0.6,50.5,107,0.59,90.3
Pump,99,Idle,Dusty,0.8,60.0,130,0.69,108.0
Motor,128,Overload,Dusty,2.5,62.4,65,0.47,12.1
Motor,153,Overload,Dusty,2.8,91.9,124,0.76,16.9
Compressor,133,Overload,Outdoor,2.9,87.1,119,0.52,20.7
Pump,65,Overload,Dusty,3.7,76.9,81,0.39,13.5
Compressor,144,Production,Outdoor,2.4,81.5,79,0.66,31.4
Compressor,96,Production,Dusty,2.0,53.2,125,0.33,51.4
Motor,66,Overload,Indoor,3.4,73.5,62,0.27,9.0
Motor,60,Idle,Outdoor,0.8,58.0,72,0.16,96.4
Compressor,168,Production,Dusty,2.4,84.3,68,0.33,59.9
Pump,120,Overload,Dusty,3.3,53.8,129,0.76,15.7
Motor,165,Production,Indoor,2.4,75.3,135,0.8,68.1
Pump,94,Idle,Dusty,0.9,59.7,128,0.64,83.1
Motor,116,Idle,Dusty,0.5,80.5,72,0.64,98.5
Compressor,104,Idle,Indoor,0.8,87.0,129,0.53,95.4
Motor,140,Production,Outdoor,1.8,58.3,131,0.29,51.7
Motor,132,Production,Outdoor,2.1,80.4,79,0.15,53.3
Motor,87,Production,Dusty,1.8,77.8,93,0.44,43.4
Motor,124,Overload,Indoor,3.5,75.0,92,0.8,13.2
Pump,176,Production,Indoor,1.5,66.9,71,0.65,67.8
Compressor,66,Overload,Outdoor,2.7,75.4,93,0.11,20.3
Compressor,138,Idle,Indoor,0.9,81.4,115,0.3,106.9
Pump,152,Idle,Indoor,0.8,93.7,76,0.2,107.9
Compressor,78,Production,Outdoor,2.3,70.2,98,0.11,48.1
Compressor,107,Production,Outdoor,1.9,53.3,130,0.41,62.1
Pump,108,Idle,Indoor,0.8,72.5,101,0.89,113.9
Compressor,62,Idle,Outdoor,0.7,86.5,108,0.67,92.8
Compressor,166,Overload,Dusty,3.1,69.0,126,0.77,5.9
Pump,179,Idle,Dusty,0.3,52.4,106,0.44,112.2
Compressor,155,Production,Outdoor,2.3,87.9,61,0.27,60.1
Compressor,151,Idle,Outdoor,0.6,87.5,132,0.71,106.5
Motor,160,Overload,Indoor,3.1,81.6,72,0.48,20.5
Compressor,116,Idle,Indoor,0.8,60.7,93,0.83,95.4
Motor,109,Overload,Dusty,2.8,91.1,112,0.74,6.5
Motor,126,Production,Outdoor,2.2,61.3,102,0.76,40.6
Compressor,81,Idle,Outdoor,0.8,83.1,125,0.72,88.7
Motor,160,Overload,Indoor,4.0,71.6,62,0.31,20.7
Compressor,64,Production,Outdoor,1.9,83.3,85,0.82,65.5
Compressor,163,Overload,Indoor,3.3,91.3,127,0.3,19.7
Compressor,79,Production,Dusty,2.2,96.7,124,0.64,68.7
Compressor,75,Overload,Indoor,4.0,65.9,136,0.81,9.8
Compressor,107,Idle,Indoor,0.8,61.6,61,0.71,102.6
Compressor,138,Production,Dusty,2.2,50.3,135,0.43,42.4
Pump,88,Idle,Dusty,0.7,86.7,114,0.21,103.2
Compressor,169,Idle,Outdoor,0.5,67.1,102,0.27,103.9
Motor,172,Overload,Outdoor,3.2,85.8,107,0.14,14.9
Motor,141,Overload,Dusty,3.7,96.3,110,0.14,12.2
Motor,81,Overload,Dusty,3.5,87.4,124,0.43,18.0
Pump,105,Production,Outdoor,2.0,53.0,114,0.12,56.7
Motor,79,Overload,Outdoor,3.5,95.5,111,0.86,21.8
Motor,125,Idle,Outdoor,0.4,79.2,107,0.38,102.9
Motor,89,Production,Indoor,2.2,80.3,130,0.81,32.7
Compressor,170,Production,Dusty,2.1,86.9,82,0.74,50.1
Pump,170,Overload,Dusty,2.8,98.7,97,0.78,9.3
Pump,178,Production,Indoor,1.6,83.5,131,0.34,43.9
Motor,93,Production,Dusty,1.9,73.5,81,0.18,32.8
Motor,99,Overload,Dusty,2.7,89.9,86,0.34,24.5
Pump,95,Production,Indoor,1.5,65.1,138,0.24,63.1
Compressor,179,Overload,Dusty,3.7,54.9,126,0.67,6.5
Motor,69,Production,Outdoor,2.3,65.6,60,0.24,35.5
Compressor,165,Overload,Indoor,2.6,85.8,82,0.39,14.2
Compressor,135,Production,Indoor,2.2,93.1,85,0.53,53.0
Motor,150,Overload,Indoor,3.3,74.5,119,0.49,20.3
Compressor,107,Production,Outdoor,2.3,56.2,115,0.43,44.5
Pump,160,Production,Outdoor,2.4,78.4,106,0.49,65.6
Pump,136,Overload,Dusty,3.1,57.1,105,0.25,24.4
Motor,157,Production,Outdoor,2.4,80.2,106,0.55,49.6
Compressor,69,Production,Dusty,1.6,94.7,86,0.68,45.0
Pump,100,Idle,Dusty,0.9,60.9,129,0.3,87.0
Motor,173,Production,Indoor,2.3,81.4,120,0.22,54.9
Motor,131,Idle,Outdoor,0.7,97.4,135,0.59,88.0
Compressor,160,Overload,Indoor,2.9,88.6,116,0.59,23.2
Compressor,72,Production,Outdoor,1.9,69.9,126,0.24,53.9
Pump,99,Idle,Dusty,0.8,80.8,132,0.51,81.8
Motor,92,Overload,Indoor,2.7,71.9,127,0.23,17.5
Compressor,71,Overload,Indoor,3.6,88.7,133,0.25,9.3
Motor,121,Overload,Dusty,2.8,87.5,70,0.72,12.6
Compressor,115,Production,Outdoor,2.2,68.3,85,0.7,52.6
Compressor,174,Overload,Dusty,3.3,64.6,86,0.34,20.5
Motor,78,Overload,Outdoor,3.5,64.8,109,0.58,16.9
Motor,72,Production,Outdoor,1.8,85.8,116,0.6,41.3
Motor,163,Production,Dusty,2.3,92.5,67,0.89,41.1
Motor,63,Idle,Outdoor,1.0,53.1,67,0.23,87.4
Pump,93,Overload,Dusty,2.7,62.3,97,0.63,24.4
Compressor,126,Production,Indoor,2.1,55.7,135,0.73,40.9
Motor,106,Overload,Outdoor,2.8,92.8,88,0.71,18.3
Motor,148,Overload,Outdoor,2.9,59.2,87,0.44,7.1
Pump,156,Idle,Outdoor,0.9,84.1,135,0.21,86.9
Pump,64,Overload,Outdoor,3.2,95.1,87,0.69,8.3
Motor,163,Overload,Dusty,3.9,85.0,92,0.55,21.4
Pump,168,Idle,Indoor,0.4,73.2,69,0.88,90.2
Motor,124,Idle,Dusty,0.5,82.9,102,0.18,115.8
Pump,113,Production,Outdoor,2.3,89.7,62,0.73,59.9
Pump,135,Overload,Indoor,2.7,72.9,78,0.59,7.3
Motor,80,Idle,Dusty,0.4,91.0,98,0.38,107.6
Motor,72,Production,Indoor,2.3,91.7,88,0.83,43.1
Pump,74,Overload,Outdoor,2.8,88.1,122,0.32,12.6
Motor,108,Overload,Dusty,2.5,76.6,62,0.48,18.6
Motor,63,Production,Indoor,1.7,96.4,127,0.28,56.3
Compressor,167,Overload,Dusty,3.3,53.8,88,0.54,20.5
Pump,76,Production,Dusty,2.3,62.8,68,0.38,62.6
Pump,171,Idle,Dusty,0.7,69.8,74,0.23,101.5
Pump,125,Production,Dusty,1.7,54.8,85,0.87,38.8
Compressor,179,Overload,Dusty,3.9,69.0,85,0.33,9.4
Pump,176,Production,Indoor,2.3,69.9,95,0.81,51.3
Motor,169,Overload,Indoor,3.7,95.8,80,0.78,15.8
Motor,171,Production,Dusty,2.0,78.0,126,0.67,42.3
Pump,91,Overload,Outdoor,3.1,91.0,95,0.21,19.6
Compressor,165,Production,Dusty,2.3,99.9,75,0.47,40.6
Compressor,133,Production,Dusty,1.6,94.4,93,0.5,67.5
Pump,179,Overload,Dusty,3.1,87.9,131,0.17,8.2
Pump,137,Production,Dusty,1.8,80.1,73,0.29,62.2
Compressor,178,Overload,Indoor,3.7,61.6,129,0.84,24.0
Pump,174,Production,Outdoor,2.4,92.9,118,0.86,38.5
Motor,135,Idle,Indoor,0.9,78.3,60,0.15,92.3
Compressor,122,Overload,Dusty,3.6,75.7,75,0.17,10.4
Pump,140,Idle,Indoor,0.9,54.4,67,0.25,112.2
Motor,82,Production,Outdoor,1.8,87.6,64,0.49,64.8
Compressor,105,Idle,Dusty,0.8,60.8,76,0.34,99.4
Motor,122,Overload,Outdoor,2.7,70.4,114,0.15,8.0
Pump,102,Production,Outdoor,1.9,98.8,87,0.37,57.9
Compressor,97,Overload,Outdoor,2.9,93.8,123,0.21,9.6
Motor,134,Production,Indoor,1.9,54.1,62,0.89,36.3
Compressor,127,Idle,Dusty,1.0,58.5,88,0.71,86.2
Pump,91,Idle,Outdoor,0.9,71.7,95,0.6,91.6
Compressor,176,Idle,Dusty,0.7,84.5,125,0.54,105.8
Compressor,140,Overload,Indoor,2.5,74.6,75,0.62,21.4
Compressor,85,Idle,Dusty,0.8,99.0,113,0.78,90.1
Motor,108,Overload,Outdoor,3.5,78.8,94,0.32,16.9
Motor,99,Idle,Indoor,0.3,81.3,119,0.27,98.6
Pump,143,Idle,Outdoor,0.8,52.2,118,0.37,88.5
Pump,135,Production,Outdoor,2.1,50.7,66,0.31,46.5
Motor,86,Overload,Outdoor,3.4,83.2,137,0.14,13.5
Pump,69,Idle,Outdoor,0.7,54.5,108,0.37,102.6
Pump,95,Production,Outdoor,1.9,76.3,115,0.82,35.7
Motor,97,Idle,Dusty,0.5,62.7,120,0.17,113.5
Motor,162,Idle,Dusty,0.8,52.1,114,0.82,105.3
Compressor,103,Overload,Indoor,3.3,91.6,133,0.62,11.9
Compressor,137,Idle,Dusty,0.9,94.6,61,0.36,105.8
Pump,143,Overload,Dusty,2.7,94.9,104,0.75,6.8
Compressor,148,Overload,Dusty,3.1,74.0,71,0.16,17.1
Pump,113,Overload,Outdoor,4.0,53.3,131,0.47,13.9
Pump,125,Overload,Indoor,3.0,93.0,107,0.66,11.1
Compressor,167,Idle,Indoor,0.7,62.8,124,0.44,85.1
Pump,72,Overload,Indoor,3.6,64.2,95,0.59,17.4
Motor,149,Production,Dusty,1.7,73.9,106,0.53,39.0
Compressor,154,Overload,Dusty,3.7,61.7,111,0.76,24.5
Motor,105,Production,Outdoor,2.0,82.6,72,0.88,40.9
Compressor,70,Overload,Dusty,2.7,73.3,75,0.66,22.9
Pump,105,Production,Indoor,1.8,65.8,64,0.71,67.7
Compressor,155,Production,Indoor,1.8,83.8,84,0.4,68.7
Compressor,170,Idle,Indoor,0.5,68.9,64,0.37,84.8
Pump,126,Production,Outdoor,1.7,67.7,92,0.19,56.3
Compressor,112,Idle,Outdoor,0.6,82.4,64,0.75,95.5
Pump,100,Production,Outdoor,2.2,73.9,108,0.57,35.4
Pump,119,Production,Outdoor,2.4,51.9,109,0.66,41.9
Pump,94,Idle,Indoor,0.3,62.7,83,0.52,94.5
Motor,87,Overload,Indoor,3.3,57.2,72,0.45,23.2
Motor,107,Idle,Dusty,0.4,75.1,76,0.35,117.6
Motor,149,Production,Indoor,2.1,59.8,114,0.36,63.1
Motor,103,Production,Outdoor,2.5,73.5,93,0.9,37.1
Pump,71,Production,Outdoor,2.2,80.9,87,0.8,49.3
Pump,74,Overload,Outdoor,2.8,82.2,90,0.14,16.3
Motor,96,Overload,Outdoor,2.8,72.1,63,0.76,14.2
Pump,147,Overload,Outdoor,3.4,60.9,134,0.47,12.1
Compressor,73,Overload,Dusty,3.4,80.3,77,0.6,13.3
Pump,146,Idle,Indoor,0.3,88.2,101,0.28,112.8
Compressor,170,Overload,Dusty,3.1,59.2,76,0.41,17.5
Pump,78,Production,Dusty,1.9,69.1,127,0.22,64.2
Compressor,75,Overload,Indoor,2.6,99.7,76,0.31,6.4
Motor,157,Idle,Indoor,0.3,95.1,101,0.46,83.9
Pump,148,Production,Outdoor,2.4,58.5,70,0.2,63.7
Compressor,65,Production,Dusty,1.7,86.4,63,0.84,44.3
Compressor,116,Overload,Dusty,3.3,66.6,121,0.43,6.5
Compressor,85,Idle,Outdoor,0.3,86.4,85,0.41,119.5
Motor,170,Idle,Outdoor,0.4,83.9,103,0.48,82.0
Compressor,114,Overload,Dusty,3.7,92.2,85,0.65,13.7
Pump,124,Production,Dusty,2.3,87.0,108,0.11,39.0
Compressor,92,Overload,Dusty,3.0,76.1,65,0.24,19.6
Compressor,99,Idle,Outdoor,0.8,70.1,101,0.9,85.6
Compressor,178,Overload,Outdoor,3.1,94.0,132,0.89,7.7
Compressor,102,Idle,Dusty,0.5,70.9,88,0.58,92.1
Compressor,82,Overload,Dusty,2.9,78.5,76,0.69,18.1
Compressor,65,Overload,Dusty,3.0,84.7,105,0.74,20.6
Pump,146,Production,Indoor,2.0,95.6,64,0.66,35.2
Motor,134,Production,Indoor,1.8,62.1,67,0.35,30.3
Compressor,156,Production,Dusty,2.4,81.3,104,0.43,37.0
Pump,104,Idle,Indoor,0.5,93.1,106,0.81,105.7
Pump,75,Production,Outdoor,2.1,95.7,105,0.24,62.3
Motor,93,Production,Indoor,1.7,77.8,107,0.44,61.6
Motor,69,Idle,Outdoor,0.4,85.7,106,0.11,83.5
Compressor,99,Idle,Indoor,0.9,65.4,83,0.31,80.6
Compressor,64,Overload,Dusty,2.7,83.2,114,0.85,22.7
Pump,67,Production,Dusty,2.2,52.5,78,0.82,38.3
Motor,72,Idle,Indoor,0.3,83.7,79,0.71,116.1
Compressor,162,Overload,Dusty,3.0,54.2,90,0.4,13.2
Motor,79,Idle,Dusty,0.8,56.5,113,0.68,107.7
Compressor,117,Overload,Dusty,3.4,71.4,111,0.7,19.5
Motor,170,Overload,Outdoor,3.1,89.2,132,0.4,5.1
Motor,108,Idle,Dusty,0.5,97.8,90,0.37,110.6
Compressor,131,Idle,Outdoor,0.9,65.8,124,0.8,90.7
Motor,93,Overload,Indoor,3.9,95.6,67,0.78,22.4
Compressor,85,Production,Dusty,1.8,56.0,84,0.74,50.0
Pump,113,Production,Dusty,1.5,87.6,124,0.86,47.8
Pump,88,Production,Dusty,2.4,54.1,111,0.6,35.3
Compressor,60,Overload,Dusty,2.8,60.9,67,0.26,6.1
Motor,122,Overload,Indoor,3.8,75.6,108,0.47,16.0
Compressor,121,Idle,Dusty,1.0,91.9,113,0.66,117.3
Compressor,141,Overload,Outdoor,2.7,65.3,86,0.16,11.1
Compressor,62,Overload,Outdoor,3.5,97.1,83,0.72,17.6
Pump,72,Idle,Indoor,0.4,52.8,80,0.52,80.4
Pump,178,Idle,Dusty,0.7,56.1,93,0.15,97.6
Motor,148,Overload,Outdoor,2.9,70.8,93,0.73,6.5
Pump,102,Overload,Indoor,3.8,63.8,63,0.84,22.1
Compressor,148,Overload,Indoor,3.0,63.0,60,0.4,16.9
Pump,125,Idle,Indoor,0.4,77.7,101,0.33,96.7
Motor,156,Production,Outdoor,1.7,86.1,78,0.66,34.8
Pump,87,Idle,Outdoor,0.5,55.5,62,0.9,95.0
Pump,72,Production,Outdoor,1.6,72.6,119,0.65,37.6
Compressor,113,Idle,Dusty,0.7,51.6,102,0.13,114.5
Motor,145,Overload,Outdoor,3.2,76.9,139,0.79,24.7
Pump,106,Overload,Outdoor,2.9,61.7,125,0.37,15.7
Pump,172,Overload,Dusty,2.5,59.2,94,0.15,11.2
Compressor,143,Overload,Outdoor,3.0,74.6,86,0.19,13.8
Motor,76,Overload,Outdoor,3.0,66.0,73,0.73,19.2
Pump,103,Production,Outdoor,2.2,95.5,75,0.76,41.3
Pump,150,Idle,Indoor,0.4,93.0,73,0.78,86.9
Motor,123,Production,Dusty,2.0,50.7,124,0.88,60.8
Motor,168,Idle,Outdoor,0.5,77.2,72,0.65,91.6
Motor,81,Production,Indoor,1.7,82.3,72,0.54,47.9
Pump,82,Production,Dusty,2.3,63.7,136,0.86,38.8
Compressor,123,Production,Dusty,2.2,97.4,71,0.71,58.0
Motor,88,Idle,Outdoor,0.7,88.4,110,0.61,104.8
Compressor,117,Idle,Dusty,1.0,90.4,65,0.37,116.7
Motor,130,Production,Outdoor,2.2,79.8,125,0.41,67.1
Compressor,101,Idle,Dusty,0.6,82.1,108,0.66,118.7
Motor,118,Overload,Outdoor,3.6,73.6,90,0.51,19.3
Motor,122,Idle,Outdoor,0.5,65.8,64,0.59,107.4
Motor,179,Overload,Indoor,2.6,54.5,132,0.1,9.0
Pump,76,Idle,Indoor,0.5,78.5,106,0.67,112.5
Motor,168,Idle,Indoor,0.7,59.8,73,0.83,115.4
Pump,154,Production,Outdoor,1.7,75.1,106,0.56,65.6
Pump,178,Idle,Dusty,0.5,54.4,98,0.65,100.0
Pump,62,Production,Outdoor,2.5,95.9,104,0.34,47.8
Pump,114,Idle,Outdoor,0.5,68.2,123,0.85,109.0
Pump,113,Overload,Outdoor,3.0,72.3,61,0.15,15.9
Motor,75,Production,Dusty,2.1,87.5,103,0.26,48.6
Compressor,126,Overload,Indoor,3.2,69.8,109,0.74,5.5
Pump,137,Idle,Outdoor,0.9,72.3,69,0.26,101.0
Pump,82,Production,Indoor,1.5,92.0,104,0.22,44.3
Motor,159,Overload,Outdoor,3.9,78.7,87,0.62,14.8
Motor,71,Production,Dusty,2.0,80.7,86,0.25,37.1
Compressor,160,Overload,Dusty,3.0,92.4,74,0.44,22.4
Pump,74,Production,Dusty,2.2,59.8,76,0.13,61.6
Motor,147,Idle,Indoor,0.9,71.8,136,0.68,108.2
Pump,69,Production,Outdoor,2.0,55.1,123,0.75,40.4
Pump,157,Idle,Outdoor,0.7,85.6,131,0.57,104.0
Motor,65,Overload,Indoor,3.9,83.3,109,0.58,20.2
Pump,159,Idle,Outdoor,0.6,90.7,80,0.72,91.2
Motor,173,Production,Indoor,1.9,90.3,70,0.16,56.3
Motor,97,Overload,Outdoor,3.3,93.1,85,0.78,11.6
Motor,97,Production,Dusty,1.5,54.3,137,0.51,52.1
Pump,118,Idle,Outdoor,0.5,53.7,68,0.77,98.3
Motor,91,Production,Outdoor,1.7,78.8,69,0.13,50.2
Compressor,163,Production,Indoor,1.9,92.2,80,0.44,58.8
Pump,177,Production,Outdoor,2.1,66.6,85,0.19,64.4
Compressor,125,Idle,Outdoor,0.4,78.2,101,0.33,110.7
Pump,153,Idle,Dusty,0.5,60.1,81,0.24,105.2
Pump,171,Production,Indoor,1.6,58.2,65,0.35,49.4
Motor,135,Overload,Outdoor,3.8,50.8,137,0.4,16.2
Compressor,85,Production,Outdoor,2.2,78.8,70,0.57,30.4
Pump,134,Idle,Outdoor,0.6,86.0,81,0.35,115.2
Compressor,74,Overload,Indoor,2.8,68.6,76,0.66,23.2
Pump,168,Idle,Indoor,0.3,99.2,76,0.2,93.0
Compressor,112,Production,Outdoor,2.3,51.7,95,0.75,47.0
Motor,175,Idle,Outdoor,0.4,81.1,69,0.88,101.5
Motor,137,Production,Dusty,2.3,96.9,82,0.37,67.7
Motor,102,Idle,Indoor,0.8,61.8,84,0.42,117.2
Compressor,77,Production,Indoor,1.8,70.3,79,0.6,42.2
Compressor,122,Idle,Indoor,0.9,66.3,120,0.42,87.2
Motor,139,Idle,Indoor,0.4,64.5,89,0.63,89.7
Compressor,105,Idle,Outdoor,0.6,83.7,61,0.37,82.3
Pump,127,Overload,Dusty,3.1,62.8,134,0.2,19.0
Compressor,102,Production,Outdoor,1.5,92.8,97,0.39,44.7
Motor,167,Idle,Outdoor,0.9,98.3,115,0.17,114.6
Compressor,144,Idle,Dusty,1.0,93.7,77,0.23,97.1
Pump,138,Overload,Indoor,3.7,73.5,128,0.34,11.2
Compressor,168,Production,Dusty,1.7,50.5,66,0.4,50.5
Motor,100,Production,Indoor,1.8,52.6,96,0.3,69.5
Pump,151,Overload,Indoor,4.0,64.1,74,0.13,6.0
Motor,154,Idle,Indoor,0.3,96.8,96,0.33,80.8
Pump,121,Production,Indoor,1.5,89.6,138,0.3,60.5
Motor,150,Overload,Indoor,3.8,97.3,64,0.84,22.9
Pump,77,Production,Dusty,1.8,64.1,82,0.42,68.4
Compressor,164,Idle,Dusty,0.7,86.5,88,0.15,112.8
Compressor,129,Idle,Dusty,0.9,62.9,87,0.74,98.9
Compressor,177,Idle,Dusty,0.9,80.5,135,0.73,117.9
Compressor,76,Overload,Indoor,2.9,99.8,83,0.53,14.0
Motor,84,Idle,Indoor,0.9,52.9,127,0.15,83.9
Motor,116,Overload,Dusty,2.7,80.6,89,0.72,10.9
Pump,74,Overload,Indoor,2.5,75.7,123,0.37,22.9
Motor,106,Idle,Dusty,0.4,50.5,111,0.51,110.0
Motor,98,Production,Indoor,2.3,78.5,129,0.57,33.2
Motor,118,Production,Dusty,2.2,79.1,117,0.2,45.6
Motor,63,Overload,Dusty,3.9,98.3,95,0.36,10.0
Pump,97,Overload,Dusty,2.8,52.5,90,0.38,10.3
Motor,101,Idle,Outdoor,0.3,88.2,101,0.72,117.9
Compressor,121,Overload,Indoor,3.4,85.8,108,0.17,24.7
Pump,117,Overload,Dusty,2.5,60.5,127,0.12,14.8
Compressor,145,Production,Outdoor,1.9,97.7,65,0.26,42.4
Motor,162,Idle,Indoor,0.7,63.6,120,0.68,101.8
Motor,63,Idle,Dusty,0.5,70.9,95,0.34,94.7
Pump,99,Production,Indoor,1.9,92.9,127,0.39,40.7
Pump,164,Idle,Outdoor,0.4,50.5,92,0.36,89.3
Compressor,114,Overload,Dusty,3.8,64.7,95,0.68,13.9
Pump,168,Overload,Indoor,4.0,95.8,72,0.7,9.5
Motor,70,Idle,Outdoor,0.3,94.5,105,0.61,90.4
Pump,130,Production,Indoor,1.9,65.5,74,0.5,31.1
Compressor,98,Idle,Indoor,0.3,72.8,73,0.34,97.8
Motor,143,Production,Indoor,2.3,71.9,63,0.5,62.3
Compressor,64,Idle,Dusty,0.8,91.2,66,0.79,98.3
Motor,107,Overload,Outdoor,2.9,61.0,68,0.57,15.9
Pump,139,Production,Dusty,2.4,95.5,94,0.2,51.1
Compressor,85,Idle,Dusty,0.4,56.8,80,0.41,84.5
Motor,107,Overload,Dusty,3.7,78.6,134,0.79,24.4
Compressor,179,Production,Indoor,1.8,96.5,61,0.66,69.9
Motor,105,Overload,Outdoor,2.8,53.3,125,0.62,13.2
Compressor,60,Idle,Indoor,0.7,87.6,107,0.27,101.6
Motor,128,Production,Indoor,2.3,71.3,97,0.84,58.1
Pump,108,Production,Dusty,1.8,98.6,88,0.48,45.9
Motor,161,Production,Dusty,2.3,63.4,85,0.2,60.0
Compressor,111,Overload,Dusty,2.7,94.5,95,0.47,5.2
Motor,117,Idle,Outdoor,0.9,71.1,127,0.8,109.5
Pump,131,Idle,Dusty,0.7,81.6,61,0.68,87.7
Pump,171,Production,Indoor,2.1,54.6,120,0.57,55.3
Compressor,100,Idle,Indoor,0.4,50.9,63,0.56,82.3
Pump,150,Production,Indoor,2.5,51.3,118,0.6,51.7
Motor,95,Overload,Indoor,3.5,56.3,70,0.64,22.9
Motor,111,Idle,Indoor,0.7,55.3,125,0.56,83.1
Motor,146,Production,Outdoor,2.3,52.8,119,0.78,32.8
Pump,175,Idle,Indoor,0.3,79.0,73,0.67,97.3
Pump,85,Overload,Indoor,2.8,60.6,71,0.71,17.4
Compressor,157,Overload,Dusty,3.5,91.6,99,0.83,9.7
Motor,157,Idle,Dusty,0.6,95.3,64,0.77,119.4
Motor,92,Overload,Indoor,3.9,97.4,76,0.59,10.3
Pump,60,Production,Dusty,2.2,65.2,67,0.22,37.6
Pump,110,Idle,Outdoor,0.7,72.6,118,0.77,100.5
Motor,81,Idle,Outdoor,0.4,83.9,114,0.6,85.0
Pump,139,Overload,Dusty,2.7,57.0,93,0.37,8.4
Compressor,156,Production,Dusty,2.2,61.3,70,0.81,57.0
Pump,141,Production,Indoor,1.6,71.5,95,0.35,61.2
Compressor,140,Idle,Indoor,0.4,93.7,118,0.3,98.0
Pump,173,Production,Outdoor,1.8,67.5,85,0.73,66.5
Pump,108,Overload,Dusty,3.1,61.8,112,0.42,17.5
Motor,141,Production,Outdoor,1.7,63.5,125,0.9,31.8
Pump,151,Production,Indoor,1.6,54.2,121,0.6,46.5
Pump,126,Idle,Outdoor,1.0,60.7,122,0.26,118.6
Motor,62,Idle,Outdoor,0.4,75.7,116,0.82,93.7
Pump,177,Overload,Indoor,3.7,82.9,118,0.73,10.6
Motor,103,Production,Outdoor,1.8,86.6,73,0.39,49.3
Motor,114,Idle,Dusty,0.7,99.8,97,0.75,85.1
Pump,101,Idle,Indoor,0.5,85.7,79,0.83,95.6
Motor,103,Production,Outdoor,1.6,63.9,95,0.38,33.7
Pump,170,Idle,Indoor,0.5,59.6,117,0.63,100.2
Compressor,86,Overload,Outdoor,3.6,71.8,102,0.26,7.9
Compressor,160,Idle,Dusty,0.6,63.5,138,0.41,108.7
Pump,85,Idle,Indoor,0.6,62.9,129,0.64,82.8
Pump,89,Overload,Outdoor,2.6,67.9,139,0.48,19.0
Motor,105,Idle,Outdoor,0.4,72.6,117,0.57,91.6
Motor,129,Production,Outdoor,1.6,66.8,136,0.53,38.7
Compressor,163,Overload,Outdoor,3.5,96.5,96,0.25,23.0
Motor,84,Overload,Indoor,2.8,96.7,134,0.2,8.3
Motor,178,Overload,Indoor,2.6,85.7,94,0.35,24.7
Pump,60,Idle,Dusty,1.0,50.2,93,0.18,91.6
Compressor,81,Idle,Dusty,0.5,84.2,76,0.29,89.9
Pump,102,Production,Outdoor,1.5,55.2,116,0.34,38.3
Motor,88,Overload,Dusty,4.0,82.5,119,0.13,22.2
Pump,97,Idle,Dusty,0.7,56.7,69,0.78,92.4
Pump,76,Overload,Dusty,3.1,84.5,87,0.27,20.4
Motor,146,Overload,Outdoor,3.7,57.4,135,0.25,9.0
Pump,98,Overload,Outdoor,2.7,70.0,138,0.53,15.8
Pump,86,Overload,Dusty,2.7,52.5,107,0.37,5.3
Pump,97,Idle,Outdoor,0.9,56.3,121,0.27,108.5
Compressor,64,Idle,Indoor,0.4,60.7,108,0.17,105.9
Motor,162,Overload,Indoor,3.3,51.6,69,0.6,6.5
Pump,131,Overload,Outdoor,2.8,83.5,125,0.31,19.7
Motor,155,Idle,Outdoor,0.9,63.1,129,0.2,114.2
Compressor,155,Production,Outdoor,1.5,84.8,67,0.32,54.6
Motor,66,Idle,Outdoor,0.8,52.2,83,0.46,112.1
Motor,138,Production,Indoor,2.2,53.9,75,0.48,60.4
Motor,78,Overload,Indoor,3.9,74.6,97,0.49,15.7
Pump,92,Production,Indoor,1.6,86.3,133,0.83,52.2
Motor,133,Idle,Indoor,0.7,55.3,122,0.24,102.3
Compressor,75,Production,Outdoor,1.8,67.8,95,0.87,31.4
Compressor,79,Idle,Indoor,0.4,60.3,116,0.12,99.9
Compressor,60,Overload,Indoor,3.2,60.2,119,0.14,10.7
Compressor,105,Production,Dusty,2.3,86.1,85,0.82,57.3
Motor,171,Production,Indoor,1.8,79.2,118,0.36,50.8
Pump,158,Production,Outdoor,1.6,83.6,64,0.19,66.6
Pump,171,Overload,Dusty,3.1,75.5,84,0.22,21.7
Pump,173,Overload,Dusty,3.5,53.9,61,0.18,9.0
Motor,174,Production,Dusty,2.4,73.6,138,0.69,55.5
Motor,73,Overload,Outdoor,3.7,70.2,139,0.24,8.4
Compressor,98,Overload,Indoor,2.6,87.2,117,0.21,6.3
Motor,82,Production,Indoor,2.0,94.4,64,0.46,66.9
Motor,77,Idle,Indoor,1.0,73.0,82,0.4,82.2
Compressor,71,Overload,Indoor,3.3,66.6,117,0.51,15.5
Motor,140,Overload,Outdoor,2.7,68.0,67,0.31,12.8
Compressor,138,Idle,Dusty,0.4,81.9,71,0.84,88.0
Compressor,82,Idle,Indoor,1.0,96.0,112,0.17,104.4
Motor,141,Idle,Outdoor,0.9,94.4,115,0.29,99.3
Compressor,122,Idle,Dusty,0.4,50.8,122,0.39,90.7
Motor,112,Overload,Outdoor,3.1,97.8,65,0.38,7.1
Compressor,167,Idle,Dusty,0.7,69.2,137,0.23,116.5
Compressor,120,Overload,Dusty,3.1,54.7,103,0.69,12.8
Motor,84,Overload,Outdoor,3.4,54.3,97,0.24,8.3
Compressor,78,Overload,Dusty,2.5,95.9,113,0.89,13.0
Pump,164,Production,Outdoor,2.0,92.1,100,0.89,50.8
Compressor,153,Overload,Outdoor,3.0,96.4,65,0.54,23.0
Motor,119,Production,Indoor,2.5,92.2,75,0.76,61.0
Pump,99,Overload,Indoor,3.3,55.1,102,0.17,6.2
Compressor,138,Idle,Indoor,0.4,99.6,115,0.34,95.6
Motor,81,Production,Dusty,1.6,85.2,61,0.6,59.0
Compressor,151,Production,Outdoor,1.9,76.3,124,0.39,47.7
Pump,68,Overload,Indoor,3.2,96.7,117,0.56,19.6
Compressor,72,Idle,Indoor,0.4,53.8,94,0.45,107.4
Motor,84,Idle,Indoor,1.0,51.9,117,0.53,96.3
Pump,115,Overload,Outdoor,3.1,73.0,82,0.3,6.9
Compressor,127,Idle,Dusty,0.8,63.7,138,0.58,105.4
Compressor,114,Idle,Dusty,1.0,96.0,137,0.53,87.0
Compressor,95,Idle,Indoor,0.9,73.3,79,0.48,92.4
Compressor,154,Idle,Dusty,0.5,53.0,133,0.59,112.0
Compressor,84,Overload,Indoor,3.9,85.9,106,0.86,23.2
Compressor,148,Production,Dusty,2.4,62.3,96,0.6,54.0
Compressor,173,Overload,Outdoor,4.0,54.4,93,0.7,10.3
Motor,86,Production,Dusty,1.6,95.9,95,0.54,47.7
Pump,139,Production,Dusty,1.7,76.1,61,0.43,64.9
Compressor,76,Idle,Dusty,1.0,60.0,93,0.41,81.9
Motor,167,Idle,Dusty,0.8,56.9,86,0.57,111.9
Pump,155,Idle,Outdoor,0.4,79.5,117,0.85,117.9
Compressor,79,Idle,Indoor,0.7,68.9,136,0.8,111.0
Compressor,79,Production,Dusty,1.8,59.9,71,0.9,30.8
Motor,103,Production,Outdoor,2.0,52.5,67,0.13,32.5
Pump,120,Overload,Dusty,3.9,61.5,114,0.89,8.8
Motor,104,Production,Dusty,2.4,53.5,134,0.71,40.7
Motor,164,Overload,Outdoor,2.8,82.5,120,0.6,14.0
Compressor,141,Production,Indoor,2.2,81.1,60,0.26,59.1
Pump,172,Production,Indoor,2.0,64.9,92,0.27,63.5
Pump,66,Idle,Dusty,0.4,76.2,137,0.59,94.9
Compressor,122,Overload,Indoor,3.2,64.0,87,0.84,5.2
Compressor,152,Idle,Outdoor,0.9,92.3,118,0.88,112.0
Pump,125,Overload,Indoor,3.6,59.3,65,0.9,17.5
Pump,125,Overload,Indoor,2.6,95.1,134,0.11,12.2
Compressor,88,Overload,Dusty,3.9,73.0,108,0.25,22.4
Motor,130,Idle,Indoor,0.7,54.3,104,0.5,93.5
Pump,136,Production,Indoor,2.2,79.3,60,0.71,60.0
Motor,152,Production,Indoor,1.8,94.1,107,0.59,52.2
Motor,175,Production,Indoor,2.1,78.0,90,0.44,36.2
Pump,80,Overload,Outdoor,3.3,85.3,133,0.32,14.0
Compressor,145,Overload,Outdoor,3.8,83.5,92,0.48,23.8
Pump,137,Idle,Dusty,0.5,69.2,128,0.7,90.0
Pump,102,Overload,Indoor,2.7,72.3,104,0.86,10.0
Motor,166,Overload,Outdoor,3.3,95.0,122,0.26,14.5
Motor,124,Overload,Outdoor,3.6,76.5,113,0.57,10.0
Motor,129,Overload,Outdoor,3.3,89.0,121,0.88,19.5
Motor,173,Production,Dusty,2.3,71.9,125,0.54,57.7
Pump,90,Idle,Dusty,0.7,62.8,92,0.64,105.6
Compressor,115,Overload,Dusty,3.7,74.9,81,0.68,14.9
Compressor,74,Production,Outdoor,2.2,71.9,92,0.44,64.4
Motor,101,Production,Indoor,2.0,64.8,105,0.45,36.0
Pump,147,Production,Dusty,1.9,96.6,91,0.73,61.8
Pump,134,Production,Dusty,1.8,78.6,108,0.52,62.3
Motor,124,Production,Indoor,2.1,87.6,61,0.51,51.1
Pump,102,Idle,Dusty,0.3,53.6,123,0.27,94.9
Motor,91,Overload,Outdoor,2.9,83.1,88,0.75,10.7
Compressor,111,Production,Dusty,1.8,65.1,96,0.75,31.0
Pump,127,Idle,Indoor,0.5,61.6,116,0.76,89.8
Motor,170,Overload,Dusty,2.5,73.4,107,0.81,8.1
Pump,123,Overload,Outdoor,3.7,89.3,61,0.54,13.6
Motor,166,Production,Indoor,2.3,70.8,72,0.63,48.4
Compressor,147,Idle,Outdoor,1.0,57.1,121,0.73,80.2
Pump,101,Overload,Indoor,3.8,71.7,119,0.9,14.5
Pump,146,Idle,Dusty,0.5,58.7,137,0.24,102.3
Pump,108,Production,Indoor,2.1,58.0,73,0.33,70.0
Pump,138,Idle,Outdoor,0.7,64.4,100,0.75,102.4
Motor,101,Production,Indoor,2.1,72.7,139,0.14,62.3
Compressor,63,Production,Indoor,1.9,70.0,122,0.85,52.1
Pump,69,Production,Outdoor,2.4,56.2,68,0.65,52.0
Pump,166,Overload,Indoor,2.9,76.3,64,0.19,24.2
Compressor,140,Production,Dusty,1.9,97.9,125,0.55,51.4
Pump,134,Production,Indoor,2.3,75.4,64,0.53,32.1
Compressor,135,Production,Outdoor,2.4,96.6,121,0.7,58.4
Motor,75,Production,Indoor,2.3,70.3,134,0.17,37.9
Pump,173,Idle,Dusty,0.5,68.3,109,0.23,117.4
Motor,85,Idle,Outdoor,0.7,95.5,75,0.43,108.8
Motor,170,Idle,Dusty,0.7,95.4,122,0.12,82.9
Pump,163,Overload,Dusty,3.3,81.7,65,0.83,19.7
Compressor,106,Overload,Indoor,3.7,65.7,84,0.22,9.7
Pump,91,Idle,Outdoor,0.7,66.4,82,0.48,83.3
Pump,164,Production,Indoor,1.7,60.3,85,0.47,60.8
Pump,76,Production,Dusty,1.5,75.5,96,0.82,67.5
Pump,113,Production,Dusty,2.3,90.3,60,0.36,60.2
Compressor,62,Production,Dusty,2.0,88.3,88,0.32,57.2
Pump,135,Production,Indoor,2.4,52.9,134,0.62,49.3
Compressor,103,Production,Outdoor,1.7,70.6,134,0.14,45.2
Compressor,136,Idle,Indoor,0.9,70.2,111,0.66,115.1
Motor,78,Production,Dusty,1.8,72.3,63,0.56,33.7
Motor,132,Production,Indoor,2.0,76.9,60,0.16,42.4
Pump,121,Idle,Dusty,0.8,98.7,123,0.29,85.5
Motor,139,Overload,Dusty,3.2,83.9,116,0.86,5.1
Compressor,141,Overload,Dusty,3.0,71.1,115,0.82,24.4
Motor,105,Idle,Outdoor,0.8,82.1,127,0.33,98.8
Motor,147,Idle,Indoor,0.8,83.6,100,0.68,113.1
Compressor,64,Idle,Dusty,0.9,52.0,124,0.4,113.7
Motor,62,Idle,Outdoor,1.0,58.0,131,0.42,89.6
Compressor,124,Production,Dusty,2.4,83.1,91,0.39,43.8
Compressor,170,Overload,Indoor,3.0,55.1,114,0.3,12.5
Motor,82,Idle,Dusty,0.9,51.1,62,0.82,91.2
Motor,159,Overload,Indoor,3.0,65.5,128,0.66,20.0
Motor,127,Overload,Indoor,3.2,50.1,60,0.75,5.8
Motor,77,Production,Outdoor,2.1,72.4,103,0.63,47.8
Motor,109,Idle,Outdoor,0.6,53.9,115,0.73,105.8
Pump,64,Production,Indoor,1.7,96.5,98,0.49,49.5
Motor,60,Production,Outdoor,2.4,95.5,135,0.52,48.2
Compressor,142,Production,Outdoor,2.1,62.1,133,0.52,48.0
Motor,152,Overload,Indoor,3.4,52.9,133,0.8,6.5
Compressor,72,Production,Outdoor,2.2,82.4,61,0.62,43.4
Compressor,119,Overload,Indoor,2.9,96.2,115,0.2,5.8
Motor,106,Production,Outdoor,2.1,63.8,137,0.36,63.4
Compressor,90,Production,Dusty,2.5,51.4,79,0.81,54.5
Compressor,173,Overload,Dusty,3.6,59.6,101,0.83,9.2
Compressor,122,Overload,Indoor,2.6,56.1,102,0.8,18.9
Motor,172,Production,Indoor,1.6,66.2,135,0.33,60.6
Compressor,91,Production,Outdoor,2.1,86.9,129,0.6,51.1
Compressor,156,Overload,Indoor,3.6,88.7,81,0.85,20.5
Motor,168,Overload,Indoor,3.4,80.9,121,0.18,22.8
Compressor,137,Overload,Dusty,2.9,75.9,96,0.35,21.4
Motor,151,Idle,Indoor,0.8,85.0,116,0.14,82.8
Pump,72,Overload,Dusty,3.2,94.3,90,0.7,10.2
Motor,179,Overload,Outdoor,2.7,60.5,100,0.29,24.2
Motor,84,Idle,Dusty,0.8,73.6,74,0.22,110.8
Pump,77,Production,Outdoor,2.1,87.9,124,0.81,52.4
Motor,173,Idle,Dusty,0.5,68.5,70,0.51,98.6
Pump,178,Production,Dusty,2.4,70.3,90,0.74,41.7
Motor,97,Production,Indoor,1.7,80.6,105,0.67,40.7
Motor,72,Overload,Dusty,3.9,77.0,137,0.3,23.9
Motor,179,Idle,Outdoor,0.9,78.1,65,0.71,84.4
Pump,62,Production,Outdoor,2.0,93.4,112,0.45,43.5
Motor,83,Production,Dusty,2.4,91.3,64,0.48,34.8
Pump,60,Overload,Dusty,2.7,63.3,132,0.36,21.2
Motor,171,Production,Indoor,1.8,72.2,80,0.25,69.3
Compressor,145,Production,Indoor,1.9,59.6,90,0.49,43.1
Motor,123,Overload,Dusty,3.8,51.5,65,0.63,7.5
Compressor,92,Idle,Outdoor,0.4,52.5,68,0.8,110.3
Pump,107,Idle,Indoor,0.4,97.4,127,0.68,100.2
Motor,165,Production,Dusty,1.6,57.9,98,0.39,49.7
Motor,95,Production,Indoor,2.3,94.4,63,0.83,55.2
Pump,109,Overload,Indoor,3.6,98.3,102,0.34,14.6
Motor,139,Overload,Outdoor,2.5,56.0,85,0.79,18.4
Compressor,153,Idle,Dusty,0.7,59.7,77,0.69,96.1
Pump,168,Overload,Dusty,2.6,75.9,88,0.29,16.5
Pump,90,Overload,Dusty,3.9,97.2,91,0.66,8.9
Compressor,164,Overload,Outdoor,3.1,73.5,116,0.85,7.6
Pump,85,Idle,Indoor,0.8,88.0,138,0.86,80.5
Pump,103,Production,Dusty,2.2,92.5,98,0.4,39.4
Compressor,61,Idle,Outdoor,0.9,81.7,67,0.58,100.6
Motor,175,Idle,Indoor,0.5,79.4,67,0.44,86.5
Motor,173,Production,Dusty,2.5,64.1,131,0.12,52.4
Pump,107,Production,Outdoor,1.9,79.5,104,0.69,56.0
Compressor,108,Overload,Indoor,2.7,53.3,115,0.56,5.4
Compressor,95,Production,Dusty,2.0,98.5,74,0.58,53.4
Pump,80,Production,Dusty,1.9,74.3,103,0.34,44.2
Compressor,128,Idle,Outdoor,0.4,82.7,71,0.54,84.6
Compressor,165,Overload,Dusty,2.7,64.3,96,0.25,11.2
Compressor,96,Overload,Dusty,3.7,61.4,82,0.2,21.9
Motor,150,Production,Indoor,2.3,67.0,116,0.55,48.0
Compressor,144,Overload,Outdoor,2.8,71.9,81,0.58,21.7
Compressor,124,Idle,Indoor,0.4,66.0,139,0.78,91.6
Pump,136,Idle,Outdoor,0.9,91.8,112,0.59,94.7
Compressor,139,Idle,Dusty,0.5,75.6,91,0.5,93.4
Pump,62,Production,Dusty,1.6,67.1,71,0.45,51.8
Motor,156,Overload,Indoor,3.6,97.9,130,0.85,10.0
Motor,119,Overload,Outdoor,3.1,60.6,108,0.5,11.7
Motor,128,Idle,Indoor,0.4,63.8,123,0.28,106.8
Motor,92,Idle,Indoor,0.6,59.3,77,0.5,93.1
Compressor,175,Overload,Outdoor,3.7,62.0,122,0.15,14.8
Motor,137,Overload,Indoor,3.6,80.6,106,0.54,18.2
Pump,78,Idle,Indoor,0.6,61.2,100,0.77,90.9
